Index,X,Y,Filename
1,0,0,patch_0001_x0_y0.png
2,224,0,patch_0002_x224_y0.png
3,448,0,patch_0003_x448_y0.png
4,672,0,patch_0004_x672_y0.png
5,896,0,patch_0005_x896_y0.png
6,1120,0,patch_0006_x1120_y0.png
7,1344,0,patch_0007_x1344_y0.png
8,1568,0,patch_0008_x1568_y0.png
9,1792,0,patch_0009_x1792_y0.png
10,2016,0,patch_0010_x2016_y0.png
11,2240,0,patch_0011_x2240_y0.png
12,2464,0,patch_0012_x2464_y0.png
13,2688,0,patch_0013_x2688_y0.png
14,2912,0,patch_0014_x2912_y0.png
15,3136,0,patch_0015_x3136_y0.png
16,3360,0,patch_0016_x3360_y0.png
17,3584,0,patch_0017_x3584_y0.png
18,3808,0,patch_0018_x3808_y0.png
19,4032,0,patch_0019_x4032_y0.png
20,4256,0,patch_0020_x4256_y0.png
21,4480,0,patch_0021_x4480_y0.png
22,4704,0,patch_0022_x4704_y0.png
23,4928,0,patch_0023_x4928_y0.png
24,5152,0,patch_0024_x5152_y0.png
25,5376,0,patch_0025_x5376_y0.png
26,5600,0,patch_0026_x5600_y0.png
27,0,224,patch_0027_x0_y224.png
28,224,224,patch_0028_x224_y224.png
29,448,224,patch_0029_x448_y224.png
30,672,224,patch_0030_x672_y224.png
31,896,224,patch_0031_x896_y224.png
32,1120,224,patch_0032_x1120_y224.png
33,1344,224,patch_0033_x1344_y224.png
34,1568,224,patch_0034_x1568_y224.png
35,1792,224,patch_0035_x1792_y224.png
36,2016,224,patch_0036_x2016_y224.png
37,2240,224,patch_0037_x2240_y224.png
38,2464,224,patch_0038_x2464_y224.png
39,2688,224,patch_0039_x2688_y224.png
40,2912,224,patch_0040_x2912_y224.png
41,3136,224,patch_0041_x3136_y224.png
42,3360,224,patch_0042_x3360_y224.png
43,3584,224,patch_0043_x3584_y224.png
44,3808,224,patch_0044_x3808_y224.png
45,4032,224,patch_0045_x4032_y224.png
46,4256,224,patch_0046_x4256_y224.png
47,4480,224,patch_0047_x4480_y224.png
48,4704,224,patch_0048_x4704_y224.png
49,4928,224,patch_0049_x4928_y224.png
50,5152,224,patch_0050_x5152_y224.png
51,5376,224,patch_0051_x5376_y224.png
52,5600,224,patch_0052_x5600_y224.png
53,0,448,patch_0053_x0_y448.png
54,224,448,patch_0054_x224_y448.png
55,448,448,patch_0055_x448_y448.png
56,672,448,patch_0056_x672_y448.png
57,896,448,patch_0057_x896_y448.png
58,1120,448,patch_0058_x1120_y448.png
59,1344,448,patch_0059_x1344_y448.png
60,1568,448,patch_0060_x1568_y448.png
61,1792,448,patch_0061_x1792_y448.png
62,2016,448,patch_0062_x2016_y448.png
63,2240,448,patch_0063_x2240_y448.png
64,2464,448,patch_0064_x2464_y448.png
65,2688,448,patch_0065_x2688_y448.png
66,2912,448,patch_0066_x2912_y448.png
67,3136,448,patch_0067_x3136_y448.png
68,3360,448,patch_0068_x3360_y448.png
69,3584,448,patch_0069_x3584_y448.png
70,3808,448,patch_0070_x3808_y448.png
71,4032,448,patch_0071_x4032_y448.png
72,4256,448,patch_0072_x4256_y448.png
73,4480,448,patch_0073_x4480_y448.png
74,4704,448,patch_0074_x4704_y448.png
75,4928,448,patch_0075_x4928_y448.png
76,5152,448,patch_0076_x5152_y448.png
77,5376,448,patch_0077_x5376_y448.png
78,5600,448,patch_0078_x5600_y448.png
79,0,672,patch_0079_x0_y672.png
80,224,672,patch_0080_x224_y672.png
81,448,672,patch_0081_x448_y672.png
82,672,672,patch_0082_x672_y672.png
83,896,672,patch_0083_x896_y672.png
84,1120,672,patch_0084_x1120_y672.png
85,1344,672,patch_0085_x1344_y672.png
86,1568,672,patch_0086_x1568_y672.png
87,1792,672,patch_0087_x1792_y672.png
88,2016,672,patch_0088_x2016_y672.png
89,2240,672,patch_0089_x2240_y672.png
90,2464,672,patch_0090_x2464_y672.png
91,2688,672,patch_0091_x2688_y672.png
92,2912,672,patch_0092_x2912_y672.png
93,3136,672,patch_0093_x3136_y672.png
94,3360,672,patch_0094_x3360_y672.png
95,3584,672,patch_0095_x3584_y672.png
96,3808,672,patch_0096_x3808_y672.png
97,4032,672,patch_0097_x4032_y672.png
98,4256,672,patch_0098_x4256_y672.png
99,4480,672,patch_0099_x4480_y672.png
100,4704,672,patch_0100_x4704_y672.png
101,4928,672,patch_0101_x4928_y672.png
102,5152,672,patch_0102_x5152_y672.png
103,5376,672,patch_0103_x5376_y672.png
104,5600,672,patch_0104_x5600_y672.png
105,0,896,patch_0105_x0_y896.png
106,224,896,patch_0106_x224_y896.png
107,448,896,patch_0107_x448_y896.png
108,672,896,patch_0108_x672_y896.png
109,896,896,patch_0109_x896_y896.png
110,1120,896,patch_0110_x1120_y896.png
111,1344,896,patch_0111_x1344_y896.png
112,1568,896,patch_0112_x1568_y896.png
113,1792,896,patch_0113_x1792_y896.png
114,2016,896,patch_0114_x2016_y896.png
115,2240,896,patch_0115_x2240_y896.png
116,2464,896,patch_0116_x2464_y896.png
117,2688,896,patch_0117_x2688_y896.png
118,2912,896,patch_0118_x2912_y896.png
119,3136,896,patch_0119_x3136_y896.png
120,3360,896,patch_0120_x3360_y896.png
121,3584,896,patch_0121_x3584_y896.png
122,3808,896,patch_0122_x3808_y896.png
123,4032,896,patch_0123_x4032_y896.png
124,4256,896,patch_0124_x4256_y896.png
125,4480,896,patch_0125_x4480_y896.png
126,4704,896,patch_0126_x4704_y896.png
127,4928,896,patch_0127_x4928_y896.png
128,5152,896,patch_0128_x5152_y896.png
129,5376,896,patch_0129_x5376_y896.png
130,5600,896,patch_0130_x5600_y896.png
131,0,1120,patch_0131_x0_y1120.png
132,224,1120,patch_0132_x224_y1120.png
133,448,1120,patch_0133_x448_y1120.png
134,672,1120,patch_0134_x672_y1120.png
135,896,1120,patch_0135_x896_y1120.png
136,1120,1120,patch_0136_x1120_y1120.png
137,1344,1120,patch_0137_x1344_y1120.png
138,1568,1120,patch_0138_x1568_y1120.png
139,1792,1120,patch_0139_x1792_y1120.png
140,2016,1120,patch_0140_x2016_y1120.png
141,2240,1120,patch_0141_x2240_y1120.png
142,2464,1120,patch_0142_x2464_y1120.png
143,2688,1120,patch_0143_x2688_y1120.png
144,2912,1120,patch_0144_x2912_y1120.png
145,3136,1120,patch_0145_x3136_y1120.png
146,3360,1120,patch_0146_x3360_y1120.png
147,3584,1120,patch_0147_x3584_y1120.png
148,3808,1120,patch_0148_x3808_y1120.png
149,4032,1120,patch_0149_x4032_y1120.png
150,4256,1120,patch_0150_x4256_y1120.png
151,4480,1120,patch_0151_x4480_y1120.png
152,4704,1120,patch_0152_x4704_y1120.png
153,4928,1120,patch_0153_x4928_y1120.png
154,5152,1120,patch_0154_x5152_y1120.png
155,5376,1120,patch_0155_x5376_y1120.png
156,5600,1120,patch_0156_x5600_y1120.png
157,0,1344,patch_0157_x0_y1344.png
158,224,1344,patch_0158_x224_y1344.png
159,448,1344,patch_0159_x448_y1344.png
160,672,1344,patch_0160_x672_y1344.png
161,896,1344,patch_0161_x896_y1344.png
162,1120,1344,patch_0162_x1120_y1344.png
163,1344,1344,patch_0163_x1344_y1344.png
164,1568,1344,patch_0164_x1568_y1344.png
165,1792,1344,patch_0165_x1792_y1344.png
166,2016,1344,patch_0166_x2016_y1344.png
167,2240,1344,patch_0167_x2240_y1344.png
168,2464,1344,patch_0168_x2464_y1344.png
169,2688,1344,patch_0169_x2688_y1344.png
170,2912,1344,patch_0170_x2912_y1344.png
171,3136,1344,patch_0171_x3136_y1344.png
172,3360,1344,patch_0172_x3360_y1344.png
173,3584,1344,patch_0173_x3584_y1344.png
174,3808,1344,patch_0174_x3808_y1344.png
175,4032,1344,patch_0175_x4032_y1344.png
176,4256,1344,patch_0176_x4256_y1344.png
177,4480,1344,patch_0177_x4480_y1344.png
178,4704,1344,patch_0178_x4704_y1344.png
179,4928,1344,patch_0179_x4928_y1344.png
180,5152,1344,patch_0180_x5152_y1344.png
181,5376,1344,patch_0181_x5376_y1344.png
182,5600,1344,patch_0182_x5600_y1344.png
183,0,1568,patch_0183_x0_y1568.png
184,224,1568,patch_0184_x224_y1568.png
185,448,1568,patch_0185_x448_y1568.png
186,672,1568,patch_0186_x672_y1568.png
187,896,1568,patch_0187_x896_y1568.png
188,1120,1568,patch_0188_x1120_y1568.png
189,1344,1568,patch_0189_x1344_y1568.png
190,1568,1568,patch_0190_x1568_y1568.png
191,1792,1568,patch_0191_x1792_y1568.png
192,2016,1568,patch_0192_x2016_y1568.png
193,2240,1568,patch_0193_x2240_y1568.png
194,2464,1568,patch_0194_x2464_y1568.png
195,2688,1568,patch_0195_x2688_y1568.png
196,2912,1568,patch_0196_x2912_y1568.png
197,3136,1568,patch_0197_x3136_y1568.png
198,3360,1568,patch_0198_x3360_y1568.png
199,3584,1568,patch_0199_x3584_y1568.png
200,3808,1568,patch_0200_x3808_y1568.png
201,4032,1568,patch_0201_x4032_y1568.png
202,4256,1568,patch_0202_x4256_y1568.png
203,4480,1568,patch_0203_x4480_y1568.png
204,4704,1568,patch_0204_x4704_y1568.png
205,4928,1568,patch_0205_x4928_y1568.png
206,5152,1568,patch_0206_x5152_y1568.png
207,5376,1568,patch_0207_x5376_y1568.png
208,5600,1568,patch_0208_x5600_y1568.png
209,0,1792,patch_0209_x0_y1792.png
210,224,1792,patch_0210_x224_y1792.png
211,448,1792,patch_0211_x448_y1792.png
212,672,1792,patch_0212_x672_y1792.png
213,896,1792,patch_0213_x896_y1792.png
214,1120,1792,patch_0214_x1120_y1792.png
215,1344,1792,patch_0215_x1344_y1792.png
216,1568,1792,patch_0216_x1568_y1792.png
217,1792,1792,patch_0217_x1792_y1792.png
218,2016,1792,patch_0218_x2016_y1792.png
219,2240,1792,patch_0219_x2240_y1792.png
220,2464,1792,patch_0220_x2464_y1792.png
221,2688,1792,patch_0221_x2688_y1792.png
222,2912,1792,patch_0222_x2912_y1792.png
223,3136,1792,patch_0223_x3136_y1792.png
224,3360,1792,patch_0224_x3360_y1792.png
225,3584,1792,patch_0225_x3584_y1792.png
226,3808,1792,patch_0226_x3808_y1792.png
227,4032,1792,patch_0227_x4032_y1792.png
228,4256,1792,patch_0228_x4256_y1792.png
229,4480,1792,patch_0229_x4480_y1792.png
230,4704,1792,patch_0230_x4704_y1792.png
231,4928,1792,patch_0231_x4928_y1792.png
232,5152,1792,patch_0232_x5152_y1792.png
233,5376,1792,patch_0233_x5376_y1792.png
234,5600,1792,patch_0234_x5600_y1792.png
235,0,2016,patch_0235_x0_y2016.png
236,224,2016,patch_0236_x224_y2016.png
237,448,2016,patch_0237_x448_y2016.png
238,672,2016,patch_0238_x672_y2016.png
239,896,2016,patch_0239_x896_y2016.png
240,1120,2016,patch_0240_x1120_y2016.png
241,1344,2016,patch_0241_x1344_y2016.png
242,1568,2016,patch_0242_x1568_y2016.png
243,1792,2016,patch_0243_x1792_y2016.png
244,2016,2016,patch_0244_x2016_y2016.png
245,2240,2016,patch_0245_x2240_y2016.png
246,2464,2016,patch_0246_x2464_y2016.png
247,2688,2016,patch_0247_x2688_y2016.png
248,2912,2016,patch_0248_x2912_y2016.png
249,3136,2016,patch_0249_x3136_y2016.png
250,3360,2016,patch_0250_x3360_y2016.png
251,3584,2016,patch_0251_x3584_y2016.png
252,3808,2016,patch_0252_x3808_y2016.png
253,4032,2016,patch_0253_x4032_y2016.png
254,4256,2016,patch_0254_x4256_y2016.png
255,4480,2016,patch_0255_x4480_y2016.png
256,4704,2016,patch_0256_x4704_y2016.png
257,4928,2016,patch_0257_x4928_y2016.png
258,5152,2016,patch_0258_x5152_y2016.png
259,5376,2016,patch_0259_x5376_y2016.png
260,5600,2016,patch_0260_x5600_y2016.png
261,0,2240,patch_0261_x0_y2240.png
262,224,2240,patch_0262_x224_y2240.png
263,448,2240,patch_0263_x448_y2240.png
264,672,2240,patch_0264_x672_y2240.png
265,896,2240,patch_0265_x896_y2240.png
266,1120,2240,patch_0266_x1120_y2240.png
267,1344,2240,patch_0267_x1344_y2240.png
268,1568,2240,patch_0268_x1568_y2240.png
269,1792,2240,patch_0269_x1792_y2240.png
270,2016,2240,patch_0270_x2016_y2240.png
271,2240,2240,patch_0271_x2240_y2240.png
272,2464,2240,patch_0272_x2464_y2240.png
273,2688,2240,patch_0273_x2688_y2240.png
274,2912,2240,patch_0274_x2912_y2240.png
275,3136,2240,patch_0275_x3136_y2240.png
276,3360,2240,patch_0276_x3360_y2240.png
277,3584,2240,patch_0277_x3584_y2240.png
278,3808,2240,patch_0278_x3808_y2240.png
279,4032,2240,patch_0279_x4032_y2240.png
280,4256,2240,patch_0280_x4256_y2240.png
281,4480,2240,patch_0281_x4480_y2240.png
282,4704,2240,patch_0282_x4704_y2240.png
283,4928,2240,patch_0283_x4928_y2240.png
284,5152,2240,patch_0284_x5152_y2240.png
285,5376,2240,patch_0285_x5376_y2240.png
286,5600,2240,patch_0286_x5600_y2240.png
287,0,2464,patch_0287_x0_y2464.png
288,224,2464,patch_0288_x224_y2464.png
289,448,2464,patch_0289_x448_y2464.png
290,672,2464,patch_0290_x672_y2464.png
291,896,2464,patch_0291_x896_y2464.png
292,1120,2464,patch_0292_x1120_y2464.png
293,1344,2464,patch_0293_x1344_y2464.png
294,1568,2464,patch_0294_x1568_y2464.png
295,1792,2464,patch_0295_x1792_y2464.png
296,2016,2464,patch_0296_x2016_y2464.png
297,2240,2464,patch_0297_x2240_y2464.png
298,2464,2464,patch_0298_x2464_y2464.png
299,2688,2464,patch_0299_x2688_y2464.png
300,2912,2464,patch_0300_x2912_y2464.png
301,3136,2464,patch_0301_x3136_y2464.png
302,3360,2464,patch_0302_x3360_y2464.png
303,3584,2464,patch_0303_x3584_y2464.png
304,3808,2464,patch_0304_x3808_y2464.png
305,4032,2464,patch_0305_x4032_y2464.png
306,4256,2464,patch_0306_x4256_y2464.png
307,4480,2464,patch_0307_x4480_y2464.png
308,4704,2464,patch_0308_x4704_y2464.png
309,4928,2464,patch_0309_x4928_y2464.png
310,5152,2464,patch_0310_x5152_y2464.png
311,5376,2464,patch_0311_x5376_y2464.png
312,5600,2464,patch_0312_x5600_y2464.png
313,0,2688,patch_0313_x0_y2688.png
314,224,2688,patch_0314_x224_y2688.png
315,448,2688,patch_0315_x448_y2688.png
316,672,2688,patch_0316_x672_y2688.png
317,896,2688,patch_0317_x896_y2688.png
318,1120,2688,patch_0318_x1120_y2688.png
319,1344,2688,patch_0319_x1344_y2688.png
320,1568,2688,patch_0320_x1568_y2688.png
321,1792,2688,patch_0321_x1792_y2688.png
322,2016,2688,patch_0322_x2016_y2688.png
323,2240,2688,patch_0323_x2240_y2688.png
324,2464,2688,patch_0324_x2464_y2688.png
325,2688,2688,patch_0325_x2688_y2688.png
326,2912,2688,patch_0326_x2912_y2688.png
327,3136,2688,patch_0327_x3136_y2688.png
328,3360,2688,patch_0328_x3360_y2688.png
329,3584,2688,patch_0329_x3584_y2688.png
330,3808,2688,patch_0330_x3808_y2688.png
331,4032,2688,patch_0331_x4032_y2688.png
332,4256,2688,patch_0332_x4256_y2688.png
333,4480,2688,patch_0333_x4480_y2688.png
334,4704,2688,patch_0334_x4704_y2688.png
335,4928,2688,patch_0335_x4928_y2688.png
336,5152,2688,patch_0336_x5152_y2688.png
337,5376,2688,patch_0337_x5376_y2688.png
338,5600,2688,patch_0338_x5600_y2688.png
339,0,2912,patch_0339_x0_y2912.png
340,224,2912,patch_0340_x224_y2912.png
341,448,2912,patch_0341_x448_y2912.png
342,672,2912,patch_0342_x672_y2912.png
343,896,2912,patch_0343_x896_y2912.png
344,1120,2912,patch_0344_x1120_y2912.png
345,1344,2912,patch_0345_x1344_y2912.png
346,1568,2912,patch_0346_x1568_y2912.png
347,1792,2912,patch_0347_x1792_y2912.png
348,2016,2912,patch_0348_x2016_y2912.png
349,2240,2912,patch_0349_x2240_y2912.png
350,2464,2912,patch_0350_x2464_y2912.png
351,2688,2912,patch_0351_x2688_y2912.png
352,2912,2912,patch_0352_x2912_y2912.png
353,3136,2912,patch_0353_x3136_y2912.png
354,3360,2912,patch_0354_x3360_y2912.png
355,3584,2912,patch_0355_x3584_y2912.png
356,3808,2912,patch_0356_x3808_y2912.png
357,4032,2912,patch_0357_x4032_y2912.png
358,4256,2912,patch_0358_x4256_y2912.png
359,4480,2912,patch_0359_x4480_y2912.png
360,4704,2912,patch_0360_x4704_y2912.png
361,4928,2912,patch_0361_x4928_y2912.png
362,5152,2912,patch_0362_x5152_y2912.png
363,5376,2912,patch_0363_x5376_y2912.png
364,5600,2912,patch_0364_x5600_y2912.png
365,0,3136,patch_0365_x0_y3136.png
366,224,3136,patch_0366_x224_y3136.png
367,448,3136,patch_0367_x448_y3136.png
368,672,3136,patch_0368_x672_y3136.png
369,896,3136,patch_0369_x896_y3136.png
370,1120,3136,patch_0370_x1120_y3136.png
371,1344,3136,patch_0371_x1344_y3136.png
372,1568,3136,patch_0372_x1568_y3136.png
373,1792,3136,patch_0373_x1792_y3136.png
374,2016,3136,patch_0374_x2016_y3136.png
375,2240,3136,patch_0375_x2240_y3136.png
376,2464,3136,patch_0376_x2464_y3136.png
377,2688,3136,patch_0377_x2688_y3136.png
378,2912,3136,patch_0378_x2912_y3136.png
379,3136,3136,patch_0379_x3136_y3136.png
380,3360,3136,patch_0380_x3360_y3136.png
381,3584,3136,patch_0381_x3584_y3136.png
382,3808,3136,patch_0382_x3808_y3136.png
383,4032,3136,patch_0383_x4032_y3136.png
384,4256,3136,patch_0384_x4256_y3136.png
385,4480,3136,patch_0385_x4480_y3136.png
386,4704,3136,patch_0386_x4704_y3136.png
387,4928,3136,patch_0387_x4928_y3136.png
388,5152,3136,patch_0388_x5152_y3136.png
389,5376,3136,patch_0389_x5376_y3136.png
390,5600,3136,patch_0390_x5600_y3136.png
391,0,3360,patch_0391_x0_y3360.png
392,224,3360,patch_0392_x224_y3360.png
393,448,3360,patch_0393_x448_y3360.png
394,672,3360,patch_0394_x672_y3360.png
395,896,3360,patch_0395_x896_y3360.png
396,1120,3360,patch_0396_x1120_y3360.png
397,1344,3360,patch_0397_x1344_y3360.png
398,1568,3360,patch_0398_x1568_y3360.png
399,1792,3360,patch_0399_x1792_y3360.png
400,2016,3360,patch_0400_x2016_y3360.png
401,2240,3360,patch_0401_x2240_y3360.png
402,2464,3360,patch_0402_x2464_y3360.png
403,2688,3360,patch_0403_x2688_y3360.png
404,2912,3360,patch_0404_x2912_y3360.png
405,3136,3360,patch_0405_x3136_y3360.png
406,3360,3360,patch_0406_x3360_y3360.png
407,3584,3360,patch_0407_x3584_y3360.png
408,3808,3360,patch_0408_x3808_y3360.png
409,4032,3360,patch_0409_x4032_y3360.png
410,4256,3360,patch_0410_x4256_y3360.png
411,4480,3360,patch_0411_x4480_y3360.png
412,4704,3360,patch_0412_x4704_y3360.png
413,4928,3360,patch_0413_x4928_y3360.png
414,5152,3360,patch_0414_x5152_y3360.png
415,5376,3360,patch_0415_x5376_y3360.png
416,5600,3360,patch_0416_x5600_y3360.png
417,0,3584,patch_0417_x0_y3584.png
418,224,3584,patch_0418_x224_y3584.png
419,448,3584,patch_0419_x448_y3584.png
420,672,3584,patch_0420_x672_y3584.png
421,896,3584,patch_0421_x896_y3584.png
422,1120,3584,patch_0422_x1120_y3584.png
423,1344,3584,patch_0423_x1344_y3584.png
424,1568,3584,patch_0424_x1568_y3584.png
425,1792,3584,patch_0425_x1792_y3584.png
426,2016,3584,patch_0426_x2016_y3584.png
427,2240,3584,patch_0427_x2240_y3584.png
428,2464,3584,patch_0428_x2464_y3584.png
429,2688,3584,patch_0429_x2688_y3584.png
430,2912,3584,patch_0430_x2912_y3584.png
431,3136,3584,patch_0431_x3136_y3584.png
432,3360,3584,patch_0432_x3360_y3584.png
433,3584,3584,patch_0433_x3584_y3584.png
434,3808,3584,patch_0434_x3808_y3584.png
435,4032,3584,patch_0435_x4032_y3584.png
436,4256,3584,patch_0436_x4256_y3584.png
437,4480,3584,patch_0437_x4480_y3584.png
438,4704,3584,patch_0438_x4704_y3584.png
439,4928,3584,patch_0439_x4928_y3584.png
440,5152,3584,patch_0440_x5152_y3584.png
441,5376,3584,patch_0441_x5376_y3584.png
442,5600,3584,patch_0442_x5600_y3584.png
443,0,3808,patch_0443_x0_y3808.png
444,224,3808,patch_0444_x224_y3808.png
445,448,3808,patch_0445_x448_y3808.png
446,672,3808,patch_0446_x672_y3808.png
447,896,3808,patch_0447_x896_y3808.png
448,1120,3808,patch_0448_x1120_y3808.png
449,1344,3808,patch_0449_x1344_y3808.png
450,1568,3808,patch_0450_x1568_y3808.png
451,1792,3808,patch_0451_x1792_y3808.png
452,2016,3808,patch_0452_x2016_y3808.png
453,2240,3808,patch_0453_x2240_y3808.png
454,2464,3808,patch_0454_x2464_y3808.png
455,2688,3808,patch_0455_x2688_y3808.png
456,2912,3808,patch_0456_x2912_y3808.png
457,3136,3808,patch_0457_x3136_y3808.png
458,3360,3808,patch_0458_x3360_y3808.png
459,3584,3808,patch_0459_x3584_y3808.png
460,3808,3808,patch_0460_x3808_y3808.png
461,4032,3808,patch_0461_x4032_y3808.png
462,4256,3808,patch_0462_x4256_y3808.png
463,4480,3808,patch_0463_x4480_y3808.png
464,4704,3808,patch_0464_x4704_y3808.png
465,4928,3808,patch_0465_x4928_y3808.png
466,5152,3808,patch_0466_x5152_y3808.png
467,5376,3808,patch_0467_x5376_y3808.png
468,5600,3808,patch_0468_x5600_y3808.png
469,0,4032,patch_0469_x0_y4032.png
470,224,4032,patch_0470_x224_y4032.png
471,448,4032,patch_0471_x448_y4032.png
472,672,4032,patch_0472_x672_y4032.png
473,896,4032,patch_0473_x896_y4032.png
474,1120,4032,patch_0474_x1120_y4032.png
475,1344,4032,patch_0475_x1344_y4032.png
476,1568,4032,patch_0476_x1568_y4032.png
477,1792,4032,patch_0477_x1792_y4032.png
478,2016,4032,patch_0478_x2016_y4032.png
479,2240,4032,patch_0479_x2240_y4032.png
480,2464,4032,patch_0480_x2464_y4032.png
481,2688,4032,patch_0481_x2688_y4032.png
482,2912,4032,patch_0482_x2912_y4032.png
483,3136,4032,patch_0483_x3136_y4032.png
484,3360,4032,patch_0484_x3360_y4032.png
485,3584,4032,patch_0485_x3584_y4032.png
486,3808,4032,patch_0486_x3808_y4032.png
487,4032,4032,patch_0487_x4032_y4032.png
488,4256,4032,patch_0488_x4256_y4032.png
489,4480,4032,patch_0489_x4480_y4032.png
490,4704,4032,patch_0490_x4704_y4032.png
491,4928,4032,patch_0491_x4928_y4032.png
492,5152,4032,patch_0492_x5152_y4032.png
493,5376,4032,patch_0493_x5376_y4032.png
494,5600,4032,patch_0494_x5600_y4032.png
495,0,4256,patch_0495_x0_y4256.png
496,224,4256,patch_0496_x224_y4256.png
497,448,4256,patch_0497_x448_y4256.png
498,672,4256,patch_0498_x672_y4256.png
499,896,4256,patch_0499_x896_y4256.png
500,1120,4256,patch_0500_x1120_y4256.png
501,1344,4256,patch_0501_x1344_y4256.png
502,1568,4256,patch_0502_x1568_y4256.png
503,1792,4256,patch_0503_x1792_y4256.png
504,2016,4256,patch_0504_x2016_y4256.png
505,2240,4256,patch_0505_x2240_y4256.png
506,2464,4256,patch_0506_x2464_y4256.png
507,2688,4256,patch_0507_x2688_y4256.png
508,2912,4256,patch_0508_x2912_y4256.png
509,3136,4256,patch_0509_x3136_y4256.png
510,3360,4256,patch_0510_x3360_y4256.png
511,3584,4256,patch_0511_x3584_y4256.png
512,3808,4256,patch_0512_x3808_y4256.png
513,4032,4256,patch_0513_x4032_y4256.png
514,4256,4256,patch_0514_x4256_y4256.png
515,4480,4256,patch_0515_x4480_y4256.png
516,4704,4256,patch_0516_x4704_y4256.png
517,4928,4256,patch_0517_x4928_y4256.png
518,5152,4256,patch_0518_x5152_y4256.png
519,5376,4256,patch_0519_x5376_y4256.png
520,5600,4256,patch_0520_x5600_y4256.png
521,0,4480,patch_0521_x0_y4480.png
522,224,4480,patch_0522_x224_y4480.png
523,448,4480,patch_0523_x448_y4480.png
524,672,4480,patch_0524_x672_y4480.png
525,896,4480,patch_0525_x896_y4480.png
526,1120,4480,patch_0526_x1120_y4480.png
527,1344,4480,patch_0527_x1344_y4480.png
528,1568,4480,patch_0528_x1568_y4480.png
529,1792,4480,patch_0529_x1792_y4480.png
530,2016,4480,patch_0530_x2016_y4480.png
531,2240,4480,patch_0531_x2240_y4480.png
532,2464,4480,patch_0532_x2464_y4480.png
533,2688,4480,patch_0533_x2688_y4480.png
534,2912,4480,patch_0534_x2912_y4480.png
535,3136,4480,patch_0535_x3136_y4480.png
536,3360,4480,patch_0536_x3360_y4480.png
537,3584,4480,patch_0537_x3584_y4480.png
538,3808,4480,patch_0538_x3808_y4480.png
539,4032,4480,patch_0539_x4032_y4480.png
540,4256,4480,patch_0540_x4256_y4480.png
541,4480,4480,patch_0541_x4480_y4480.png
542,4704,4480,patch_0542_x4704_y4480.png
543,4928,4480,patch_0543_x4928_y4480.png
544,5152,4480,patch_0544_x5152_y4480.png
545,5376,4480,patch_0545_x5376_y4480.png
546,5600,4480,patch_0546_x5600_y4480.png
547,0,4704,patch_0547_x0_y4704.png
548,224,4704,patch_0548_x224_y4704.png
549,448,4704,patch_0549_x448_y4704.png
550,672,4704,patch_0550_x672_y4704.png
551,896,4704,patch_0551_x896_y4704.png
552,1120,4704,patch_0552_x1120_y4704.png
553,1344,4704,patch_0553_x1344_y4704.png
554,1568,4704,patch_0554_x1568_y4704.png
555,1792,4704,patch_0555_x1792_y4704.png
556,2016,4704,patch_0556_x2016_y4704.png
557,2240,4704,patch_0557_x2240_y4704.png
558,2464,4704,patch_0558_x2464_y4704.png
559,2688,4704,patch_0559_x2688_y4704.png
560,2912,4704,patch_0560_x2912_y4704.png
561,3136,4704,patch_0561_x3136_y4704.png
562,3360,4704,patch_0562_x3360_y4704.png
563,3584,4704,patch_0563_x3584_y4704.png
564,3808,4704,patch_0564_x3808_y4704.png
565,4032,4704,patch_0565_x4032_y4704.png
566,4256,4704,patch_0566_x4256_y4704.png
567,4480,4704,patch_0567_x4480_y4704.png
568,4704,4704,patch_0568_x4704_y4704.png
569,4928,4704,patch_0569_x4928_y4704.png
570,5152,4704,patch_0570_x5152_y4704.png
571,5376,4704,patch_0571_x5376_y4704.png
572,5600,4704,patch_0572_x5600_y4704.png
573,0,4928,patch_0573_x0_y4928.png
574,224,4928,patch_0574_x224_y4928.png
575,448,4928,patch_0575_x448_y4928.png
576,672,4928,patch_0576_x672_y4928.png
577,896,4928,patch_0577_x896_y4928.png
578,1120,4928,patch_0578_x1120_y4928.png
579,1344,4928,patch_0579_x1344_y4928.png
580,1568,4928,patch_0580_x1568_y4928.png
581,1792,4928,patch_0581_x1792_y4928.png
582,2016,4928,patch_0582_x2016_y4928.png
583,2240,4928,patch_0583_x2240_y4928.png
584,2464,4928,patch_0584_x2464_y4928.png
585,2688,4928,patch_0585_x2688_y4928.png
586,2912,4928,patch_0586_x2912_y4928.png
587,3136,4928,patch_0587_x3136_y4928.png
588,3360,4928,patch_0588_x3360_y4928.png
589,3584,4928,patch_0589_x3584_y4928.png
590,3808,4928,patch_0590_x3808_y4928.png
591,4032,4928,patch_0591_x4032_y4928.png
592,4256,4928,patch_0592_x4256_y4928.png
593,4480,4928,patch_0593_x4480_y4928.png
594,4704,4928,patch_0594_x4704_y4928.png
595,4928,4928,patch_0595_x4928_y4928.png
596,5152,4928,patch_0596_x5152_y4928.png
597,5376,4928,patch_0597_x5376_y4928.png
598,5600,4928,patch_0598_x5600_y4928.png
599,0,5152,patch_0599_x0_y5152.png
600,224,5152,patch_0600_x224_y5152.png
601,448,5152,patch_0601_x448_y5152.png
602,672,5152,patch_0602_x672_y5152.png
603,896,5152,patch_0603_x896_y5152.png
604,1120,5152,patch_0604_x1120_y5152.png
605,1344,5152,patch_0605_x1344_y5152.png
606,1568,5152,patch_0606_x1568_y5152.png
607,1792,5152,patch_0607_x1792_y5152.png
608,2016,5152,patch_0608_x2016_y5152.png
609,2240,5152,patch_0609_x2240_y5152.png
610,2464,5152,patch_0610_x2464_y5152.png
611,2688,5152,patch_0611_x2688_y5152.png
612,2912,5152,patch_0612_x2912_y5152.png
613,3136,5152,patch_0613_x3136_y5152.png
614,3360,5152,patch_0614_x3360_y5152.png
615,3584,5152,patch_0615_x3584_y5152.png
616,3808,5152,patch_0616_x3808_y5152.png
617,4032,5152,patch_0617_x4032_y5152.png
618,4256,5152,patch_0618_x4256_y5152.png
619,4480,5152,patch_0619_x4480_y5152.png
620,4704,5152,patch_0620_x4704_y5152.png
621,4928,5152,patch_0621_x4928_y5152.png
622,5152,5152,patch_0622_x5152_y5152.png
623,5376,5152,patch_0623_x5376_y5152.png
624,5600,5152,patch_0624_x5600_y5152.png
625,0,5376,patch_0625_x0_y5376.png
626,224,5376,patch_0626_x224_y5376.png
627,448,5376,patch_0627_x448_y5376.png
628,672,5376,patch_0628_x672_y5376.png
629,896,5376,patch_0629_x896_y5376.png
630,1120,5376,patch_0630_x1120_y5376.png
631,1344,5376,patch_0631_x1344_y5376.png
632,1568,5376,patch_0632_x1568_y5376.png
633,1792,5376,patch_0633_x1792_y5376.png
634,2016,5376,patch_0634_x2016_y5376.png
635,2240,5376,patch_0635_x2240_y5376.png
636,2464,5376,patch_0636_x2464_y5376.png
637,2688,5376,patch_0637_x2688_y5376.png
638,2912,5376,patch_0638_x2912_y5376.png
639,3136,5376,patch_0639_x3136_y5376.png
640,3360,5376,patch_0640_x3360_y5376.png
641,3584,5376,patch_0641_x3584_y5376.png
642,3808,5376,patch_0642_x3808_y5376.png
643,4032,5376,patch_0643_x4032_y5376.png
644,4256,5376,patch_0644_x4256_y5376.png
645,4480,5376,patch_0645_x4480_y5376.png
646,4704,5376,patch_0646_x4704_y5376.png
647,4928,5376,patch_0647_x4928_y5376.png
648,5152,5376,patch_0648_x5152_y5376.png
649,5376,5376,patch_0649_x5376_y5376.png
650,5600,5376,patch_0650_x5600_y5376.png
651,0,5600,patch_0651_x0_y5600.png
652,224,5600,patch_0652_x224_y5600.png
653,448,5600,patch_0653_x448_y5600.png
654,672,5600,patch_0654_x672_y5600.png
655,896,5600,patch_0655_x896_y5600.png
656,1120,5600,patch_0656_x1120_y5600.png
657,1344,5600,patch_0657_x1344_y5600.png
658,1568,5600,patch_0658_x1568_y5600.png
659,1792,5600,patch_0659_x1792_y5600.png
660,2016,5600,patch_0660_x2016_y5600.png
661,2240,5600,patch_0661_x2240_y5600.png
662,2464,5600,patch_0662_x2464_y5600.png
663,2688,5600,patch_0663_x2688_y5600.png
664,2912,5600,patch_0664_x2912_y5600.png
665,3136,5600,patch_0665_x3136_y5600.png
666,3360,5600,patch_0666_x3360_y5600.png
667,3584,5600,patch_0667_x3584_y5600.png
668,3808,5600,patch_0668_x3808_y5600.png
669,4032,5600,patch_0669_x4032_y5600.png
670,4256,5600,patch_0670_x4256_y5600.png
671,4480,5600,patch_0671_x4480_y5600.png
672,4704,5600,patch_0672_x4704_y5600.png
673,4928,5600,patch_0673_x4928_y5600.png
674,5152,5600,patch_0674_x5152_y5600.png
675,5376,5600,patch_0675_x5376_y5600.png
676,5600,5600,patch_0676_x5600_y5600.png
